日期,股票代码,名称,收盘价,最高价,最低价,开盘价,前收盘,涨跌额,涨跌幅,换手率,成交量,成交金额,总市值,流通市值
2018-01-26,'399307,深证转债,191.6822,192.1395,191.1625,191.5485,191.4865,0.1957,0.1022,,4891199,512406147.931,,
2018-01-25,'399307,深证转债,191.4865,191.9322,189.5327,189.5327,189.5787,1.9078,1.0063,,7160037,743034134.523,,
2018-01-24,'399307,深证转债,189.5787,189.5932,187.9129,187.9954,188.0245,1.5542,0.8266,,3965334,403408272.655,,
2018-01-23,'399307,深证转债,188.0245,188.2967,187.3681,187.8975,187.5066,0.5179,0.2762,,2953724,302123248.662,,
2018-01-22,'399307,深证转债,187.5066,187.6527,185.0705,185.2946,185.1969,2.3097,1.2472,,2952880,313359809.36,,
2018-01-19,'399307,深证转债,185.1969,185.6881,184.6927,184.8541,185.0765,0.1204,0.0651,,1781952,181597265.692,,
2018-01-18,'399307,深证转债,185.0765,185.111,184.066,184.1763,184.4281,0.6484,0.3516,,2335703,239026520.59,,
2018-01-17,'399307,深证转债,184.4281,185.4243,183.4969,184.6081,184.5247,-0.0966,-0.0524,,2492686,247824871.068,,
2018-01-16,'399307,深证转债,184.5247,184.9917,184.4632,184.7083,184.6735,-0.1488,-0.0806,,1560711,156296391.237,,
2018-01-15,'399307,深证转债,184.6735,186.6803,184.6438,186.5784,186.6871,-2.0136,-1.0786,,1987953,202526787.371,,
2018-01-12,'399307,深证转债,186.6871,187.1092,186.5642,187.0468,187.1066,-0.4195,-0.2242,,1912916,198756533.554,,
2018-01-11,'399307,深证转债,187.1066,187.1693,185.9555,186.6534,186.6885,0.4181,0.224,,1552818,157602971.779,,
2018-01-10,'399307,深证转债,186.6885,187.6209,186.0098,187.6209,187.6665,-0.978,-0.5211,,2281942,237491227.894,,
2018-01-09,'399307,深证转债,187.6665,188.7916,187.4513,188.6223,188.7128,-1.0463,-0.5544,,2329277,241544331.246,,
2018-01-08,'399307,深证转债,188.7128,189.301,188.5189,188.6883,188.3812,0.3316,0.176,,4794759,499285321.788,,
2018-01-05,'399307,深证转债,188.3812,188.4574,186.6273,186.7681,186.7781,1.6031,0.8583,,4043650,414941980.873,,
2018-01-04,'399307,深证转债,186.7781,186.8322,185.4452,185.9428,185.9346,0.8435,0.4537,,3981847,415930090.174,,
2018-01-03,'399307,深证转债,185.9346,185.9703,183.979,184.3015,184.2812,1.6534,0.8972,,4454826,467581224.871,,
2018-01-02,'399307,深证转债,184.2812,184.3297,182.459,182.459,182.419,1.8622,1.0208,,3357488,343087760.912,,
2017-12-29,'399307,深证转债,182.419,182.6081,181.303,181.6081,181.5835,0.8355,0.4601,,804203,80953177.642,,
2017-12-28,'399307,深证转债,181.5835,181.999,181.1708,181.535,181.361,0.2225,0.1227,,1052591,101324476.255,,
2017-12-27,'399307,深证转债,181.361,182.9491,181.3286,182.9362,182.9364,-1.5754,-0.8612,,967863,97039049.559,,
2017-12-26,'399307,深证转债,182.9364,183.4643,182.5305,183.4643,183.4452,-0.5088,-0.2774,,1370198,135991910.931,,
2017-12-25,'399307,深证转债,183.4452,184.8033,183.0372,184.0713,184.1681,-0.7229,-0.3925,,2301596,238257706.412,,
2017-12-22,'399307,深证转债,184.1681,184.5475,182.7753,183.3213,183.3195,0.8486,0.4629,,1401283,148928034.377,,
2017-12-21,'399307,深证转债,183.3195,183.8403,182.073,182.2955,182.3286,0.9909,0.5435,,1398547,145466989.007,,
2017-12-20,'399307,深证转债,182.3286,183.3667,182.2922,183.2464,183.2464,-0.9178,-0.5009,,1038127,105204221.528,,
2017-12-19,'399307,深证转债,183.2464,183.2962,182.4319,182.6303,182.9217,0.3247,0.1775,,1803422,182066124.247,,
2017-12-18,'399307,深证转债,182.9217,183.354,182.7484,183.2005,183.1854,-0.2637,-0.144,,709950,70043471.331,,
2017-12-15,'399307,深证转债,183.1854,183.4581,182.7936,183.3887,183.3787,-0.1933,-0.1054,,642769,65496307.079,,
2017-12-14,'399307,深证转债,183.3787,183.8493,182.9917,183.3566,183.3566,0.0221,0.0121,,725203,74254305.768,,
2017-12-13,'399307,深证转债,183.3566,183.3968,181.8151,183.0391,183.0157,0.3409,0.1863,,687293,71636563.799,,
2017-12-12,'399307,深证转债,183.0157,185.0665,183.0157,184.926,184.8442,-1.8285,-0.9892,,621293,63476696.009,,
2017-12-11,'399307,深证转债,184.8442,185.5422,182.8905,183.7644,183.4224,1.4218,0.7752,,1640569,167509556.695,,
2017-12-08,'399307,深证转债,183.4224,183.6297,180.1656,180.4585,180.4554,2.967,1.6442,,1632324,162893149.725,,
2017-12-07,'399307,深证转债,180.4554,180.6496,178.9164,178.9164,179.0767,1.3787,0.7699,,1642718,163451652.0,,
2017-12-06,'399307,深证转债,179.0767,179.712,178.5201,178.7665,179.1123,-0.0356,-0.0199,,1932515,193877088.957,,
2017-12-05,'399307,深证转债,179.1123,180.2672,178.9631,179.9471,180.7936,-1.6813,-0.93,,1813967,182348223.278,,
2017-12-04,'399307,深证转债,180.7936,182.6563,179.9448,182.6563,182.6487,-1.8551,-1.0157,,3089339,308851151.328,,
2017-12-01,'399307,深证转债,182.6487,184.7895,182.5119,184.6056,184.7032,-2.0545,-1.1123,,2344284,238246864.328,,
2017-11-30,'399307,深证转债,184.7032,185.5994,184.4977,185.0842,185.0772,-0.374,-0.2021,,1357721,145170617.937,,
2017-11-29,'399307,深证转债,185.0772,186.4149,184.7866,185.8323,185.7724,-0.6952,-0.3742,,1466961,154494182.526,,
2017-11-28,'399307,深证转债,185.7724,186.42,185.5774,185.964,185.9423,-0.1699,-0.0914,,813526,85116736.63,,
2017-11-27,'399307,深证转债,185.9423,186.3885,185.6619,186.1193,186.1113,-0.169,-0.0908,,975793,103553828.664,,
2017-11-24,'399307,深证转债,186.1113,187.887,186.0864,187.8691,187.7741,-1.6628,-0.8855,,2002041,211668835.561,,
2017-11-23,'399307,深证转债,187.7741,189.0464,187.3595,188.9477,188.8408,-1.0667,-0.5649,,1411392,148890700.461,,
2017-11-22,'399307,深证转债,188.8408,189.5919,188.6382,189.0477,188.9165,-0.0757,-0.0401,,1283650,137078498.434,,
2017-11-21,'399307,深证转债,188.9165,190.1363,188.8688,189.6661,189.6757,-0.7592,-0.4003,,1678986,170710995.65,,
2017-11-20,'399307,深证转债,189.6757,190.82,189.1841,190.82,190.8258,-1.1501,-0.6027,,1146806,123144057.252,,
2017-11-17,'399307,深证转债,190.8258,192.8782,190.7884,192.4606,192.7285,-1.9027,-0.9872,,889668,94615244.222,,
2017-11-16,'399307,深证转债,192.7285,193.1203,192.6658,193.1203,193.1226,-0.3941,-0.2041,,584144,64308561.39,,
2017-11-15,'399307,深证转债,193.1226,193.9317,192.4867,193.9317,193.8158,-0.6932,-0.3577,,426574,47845969.844,,
2017-11-14,'399307,深证转债,193.8158,194.8389,193.7657,194.8171,194.8171,-1.0013,-0.514,,415028,45803725.161,,
2017-11-13,'399307,深证转债,194.8171,195.3027,194.3955,194.4801,194.4418,0.3753,0.193,,1251753,141246479.56,,
2017-11-10,'399307,深证转债,194.4418,194.7637,194.2204,194.2777,194.2702,0.1716,0.0883,,573610,64180297.137,,
2017-11-09,'399307,深证转债,194.2702,194.4484,193.8811,194.1022,194.1022,0.168,0.0866,,531037,59143652.355,,
2017-11-08,'399307,深证转债,194.1022,194.1966,193.4916,193.8382,193.8198,0.2824,0.1457,,725433,79228961.597,,
2017-11-07,'399307,深证转债,193.8198,194.0515,193.5217,193.8222,193.9651,-0.1453,-0.0749,,1149986,128756769.058,,
2017-11-06,'399307,深证转债,193.9651,194.2736,193.6921,193.9256,194.0666,-0.1015,-0.0523,,672751,75250218.881,,
2017-11-03,'399307,深证转债,194.0666,194.7646,193.5364,194.7646,194.983,-0.9164,-0.47,,2513796,288970929.848,,
2017-11-02,'399307,深证转债,194.983,196.1981,194.8644,196.1305,196.0956,-1.1126,-0.5674,,1480300,170582360.505,,
2017-11-01,'399307,深证转债,196.0956,196.2696,194.4705,194.4751,194.4544,1.6412,0.844,,2928222,339477416.107,,
2017-10-31,'399307,深证转债,194.4544,195.1445,194.234,195.0509,195.0583,-0.6039,-0.3096,,637604,67375916.378,,
2017-10-30,'399307,深证转债,195.0583,196.8716,194.9502,196.8716,196.848,-1.7897,-0.9092,,269127,28574013.526,,
2017-10-27,'399307,深证转债,196.848,197.3007,196.4108,197.1124,197.0918,-0.2438,-0.1237,,432295,45837536.886,,
2017-10-26,'399307,深证转债,197.0918,197.5322,197.0087,197.4741,197.4146,-0.3228,-0.1635,,641858,69110515.569,,
2017-10-25,'399307,深证转债,197.4146,197.6105,197.1918,197.2291,197.2053,0.2093,0.1061,,529790,58552804.977,,
2017-10-24,'399307,深证转债,197.2053,197.4299,196.8764,197.3887,197.384,-0.1787,-0.0905,,252493,26860165.851,,
2017-10-23,'399307,深证转债,197.384,197.7873,197.108,197.7676,197.4331,-0.0491,-0.0249,,489657,51499900.215,,
2017-10-20,'399307,深证转债,197.4331,197.6765,196.6798,197.0239,196.886,0.5471,0.2779,,829445,86971077.307,,
2017-10-19,'399307,深证转债,196.886,198.1497,195.6951,198.1497,198.1329,-1.2469,-0.6293,,384003,42021812.26,,
2017-10-18,'399307,深证转债,198.1329,198.7501,198.0478,198.5271,198.5021,-0.3692,-0.186,,446578,49049812.893,,
2017-10-17,'399307,深证转债,198.5021,198.7814,198.333,198.491,198.476,0.0261,0.0132,,345184,38358066.675,,
2017-10-16,'399307,深证转债,198.476,199.6285,198.3576,199.2019,199.2686,-0.7926,-0.3978,,412829,44145107.288,,
2017-10-13,'399307,深证转债,199.2686,199.5075,198.9616,199.0689,199.0453,0.2233,0.1122,,426172,47525002.1,,
2017-10-12,'399307,深证转债,199.0453,199.4587,198.8065,199.324,199.4202,-0.3749,-0.188,,399572,43307920.255,,
2017-10-11,'399307,深证转债,199.4202,199.6403,198.6189,198.6189,198.6215,0.7987,0.4021,,568523,62270682.361,,
2017-10-10,'399307,深证转债,198.6215,198.6215,197.4463,197.8029,197.8047,0.8168,0.4129,,515153,55802633.142,,
2017-10-09,'399307,深证转债,197.8047,198.6584,197.677,198.1312,197.9268,-0.1221,-0.0617,,452564,48561091.44,,
2017-09-29,'399307,深证转债,197.9268,197.9562,196.8662,196.985,196.9664,0.9604,0.4876,,229054,25023081.358,,
2017-09-28,'399307,深证转债,196.9664,197.1551,196.6181,196.9082,196.8558,0.1106,0.0562,,385647,40973261.069,,
2017-09-27,'399307,深证转债,196.8558,197.364,196.4153,196.968,196.8885,-0.0327,-0.0166,,674543,73584006.272,,
2017-09-26,'399307,深证转债,196.8885,198.0685,196.5544,198.0316,197.9834,-1.0949,-0.553,,601588,65218800.83,,
2017-09-25,'399307,深证转债,197.9834,199.6325,197.6785,199.6325,199.6774,-1.694,-0.8484,,371241,40682138.703,,
2017-09-22,'399307,深证转债,199.6774,201.1514,199.3504,200.9701,201.0505,-1.3731,-0.683,,473553,52689436.893,,
2017-09-21,'399307,深证转债,201.0505,202.1389,200.8775,201.9862,201.9538,-0.9033,-0.4473,,255286,28435231.113,,
2017-09-20,'399307,深证转债,201.9538,202.2584,201.5261,201.9431,201.7744,0.1794,0.0889,,291744,31820200.727,,
2017-09-19,'399307,深证转债,201.7744,202.7462,201.4291,202.5245,202.4904,-0.716,-0.3536,,328921,36523173.342,,
2017-09-18,'399307,深证转债,202.4904,203.0931,202.0197,203.0931,203.0637,-0.5733,-0.2823,,249853,28244939.438,,
2017-09-15,'399307,深证转债,203.0637,203.3213,202.4721,203.3138,203.1598,-0.0961,-0.0473,,697540,80872121.634,,
2017-09-14,'399307,深证转债,203.1598,203.9284,202.9733,203.9284,203.8695,-0.7097,-0.3481,,319060,35685520.848,,
2017-09-13,'399307,深证转债,203.8695,204.6862,203.6815,204.5275,204.4715,-0.602,-0.2944,,485717,54417723.481,,
2017-09-12,'399307,深证转债,204.4715,205.3864,204.258,205.1897,205.1623,-0.6908,-0.3367,,1179077,137850178.38,,
2017-09-11,'399307,深证转债,205.1623,206.0758,204.9517,206.0758,206.1668,-1.0045,-0.4872,,716312,80477620.108,,
2017-09-08,'399307,深证转债,206.1668,206.5037,205.7393,205.8079,205.8108,0.356,0.173,,547616,61474813.466,,
2017-09-07,'399307,深证转债,205.8108,206.4939,205.6129,205.8686,205.8049,0.0059,0.0029,,1105193,122670900.551,,
2017-09-06,'399307,深证转债,205.8049,205.8594,204.8976,205.4043,205.3298,0.4751,0.2314,,790738,89374488.931,,
2017-09-05,'399307,深证转债,205.3298,205.4801,204.7489,205.3272,205.3453,-0.0155,-0.0075,,1936201,219042263.837,,
2017-09-04,'399307,深证转债,205.3453,205.6465,204.5574,204.8388,204.8185,0.5268,0.2572,,907583,102823117.967,,
2017-09-01,'399307,深证转债,204.8185,204.8563,204.0614,204.2598,204.3056,0.5129,0.251,,1277490,148786024.261,,
2017-08-31,'399307,深证转债,204.3056,204.5818,203.7691,204.3262,204.2979,0.0077,0.0038,,441452,50465606.872,,
2017-08-30,'399307,深证转债,204.2979,204.391,203.3523,204.0438,204.0732,0.2247,0.1101,,1030442,119991763.55,,
2017-08-29,'399307,深证转债,204.0732,204.837,203.6995,204.4743,204.5964,-0.5232,-0.2557,,483686,55905728.643,,
2017-08-28,'399307,深证转债,204.5964,204.9635,203.2321,203.5788,203.5794,1.017,0.4996,,1546569,174912194.732,,
2017-08-25,'399307,深证转债,203.5794,203.6505,202.3798,202.5232,202.5235,1.0559,0.5214,,1153649,130390565.252,,
2017-08-24,'399307,深证转债,202.5235,203.2343,202.3866,203.0591,203.0414,-0.5179,-0.2551,,442037,50223137.902,,
2017-08-23,'399307,深证转债,203.0414,203.3267,202.9356,203.0488,203.0373,0.0041,0.002,,516347,59089255.491,,
2017-08-22,'399307,深证转债,203.0373,203.9011,202.9324,203.9011,203.9011,-0.8638,-0.4236,,359394,40470941.276,,
2017-08-21,'399307,深证转债,203.9011,204.2402,203.4855,204.0508,204.0281,-0.127,-0.0622,,1501438,174603824.134,,
2017-08-18,'399307,深证转债,204.0281,204.3619,203.6142,204.1707,204.2438,-0.2157,-0.1056,,1334568,153766132.416,,
2017-08-17,'399307,深证转债,204.2438,204.3258,202.8038,203.1757,203.1851,1.0587,0.5211,,1470584,170680595.797,,
2017-08-16,'399307,深证转债,203.1851,203.7198,202.1224,202.9209,202.7591,0.426,0.2101,,1754382,202976026.148,,
2017-08-15,'399307,深证转债,202.7591,203.1926,202.2617,202.7136,202.5258,0.2333,0.1152,,898862,103283607.766,,
2017-08-14,'399307,深证转债,202.5258,202.7392,200.9649,201.2323,200.8201,1.7057,0.8494,,537431,60925203.857,,
2017-08-11,'399307,深证转债,200.8201,202.3237,200.7679,202.3237,202.3266,-1.5065,-0.7446,,701377,77478596.155,,
2017-08-10,'399307,深证转债,202.3266,203.2896,201.6951,203.1744,202.9801,-0.6535,-0.322,,334874,36737138.843,,
2017-08-09,'399307,深证转债,202.9801,204.4843,202.9235,204.0053,203.9222,-0.9421,-0.462,,548154,63346284.906,,
2017-08-08,'399307,深证转债,203.9222,204.7321,203.8431,204.2993,204.3973,-0.4751,-0.2324,,558234,63694096.681,,
2017-08-07,'399307,深证转债,204.3973,205.1189,204.0083,204.8617,204.917,-0.5197,-0.2536,,639053,73549829.561,,
2017-08-04,'399307,深证转债,204.917,205.8109,204.9113,205.587,205.4269,-0.5099,-0.2482,,1005161,121008687.428,,
2017-08-03,'399307,深证转债,205.4269,205.6352,204.6622,204.9359,204.9621,0.4648,0.2268,,1528982,179536717.998,,
2017-08-02,'399307,深证转债,204.9621,205.5459,204.8233,205.1246,205.1858,-0.2237,-0.109,,2391928,299103683.688,,
2017-08-01,'399307,深证转债,205.1858,205.9854,204.8122,205.8147,205.7416,-0.5558,-0.2701,,1525032,187892946.65,,
2017-07-31,'399307,深证转债,205.7416,205.8024,203.3221,203.3237,203.3393,2.4023,1.1814,,3409487,420610041.708,,
2017-07-28,'399307,深证转债,203.3393,203.3517,201.2709,201.5986,201.5983,1.741,0.8636,,2533746,309286760.73,,
2017-07-27,'399307,深证转债,201.5983,201.6278,199.8629,200.1935,200.1935,1.4048,0.7017,,1909918,219115394.843,,
2017-07-26,'399307,深证转债,200.1935,200.6794,199.853,200.1199,199.9029,0.2906,0.1454,,1003926,117187664.666,,
2017-07-25,'399307,深证转债,199.9029,201.3102,199.9029,200.9555,200.9555,-1.0526,-0.5238,,863807,97631023.649,,
2017-07-24,'399307,深证转债,200.9555,201.0173,200.1246,200.3836,200.3024,0.6531,0.3261,,928483,101195713.532,,
2017-07-21,'399307,深证转债,200.3024,200.4891,199.1696,199.3778,199.341,0.9614,0.4823,,1429690,154955519.126,,
2017-07-20,'399307,深证转债,199.341,199.6499,198.6914,198.7907,198.748,0.593,0.2984,,1295899,147266762.474,,
2017-07-19,'399307,深证转债,198.748,198.748,196.7975,197.2297,197.282,1.466,0.7431,,2212375,252251780.573,,
2017-07-18,'399307,深证转债,197.282,198.1164,196.2744,197.9696,198.3203,-1.0383,-0.5235,,1290784,149335448.878,,
2017-07-17,'399307,深证转债,198.3203,200.9211,198.1336,200.9211,200.9102,-2.5899,-1.2891,,1019140,111079477.59,,
2017-07-14,'399307,深证转债,200.9102,201.0752,200.3993,200.7401,200.7239,0.1863,0.0928,,443993,52903621.369,,
2017-07-13,'399307,深证转债,200.7239,201.0468,200.0184,200.0184,199.8802,0.8437,0.4221,,1185935,139021127.41,,
2017-07-12,'399307,深证转债,199.8802,201.4579,199.5669,201.3455,201.3455,-1.4653,-0.7278,,601235,72175161.232,,
2017-07-11,'399307,深证转债,201.3455,202.373,201.3455,202.2128,202.0835,-0.738,-0.3652,,500563,58204934.741,,
2017-07-10,'399307,深证转债,202.0835,203.4269,201.834,202.0886,202.0886,-0.0051,-0.0025,,2073726,266371592.323,,
2017-07-07,'399307,深证转债,202.0886,202.2563,201.3981,201.9163,201.7672,0.3214,0.1593,,833694,98934996.929,,
2017-07-06,'399307,深证转债,201.7672,202.3211,201.2321,201.6956,201.6188,0.1484,0.0736,,1272851,145856215.179,,
2017-07-05,'399307,深证转债,201.6188,201.6188,200.239,200.3901,200.3449,1.2739,0.6359,,1926938,221668140.865,,
2017-07-04,'399307,深证转债,200.3449,200.7803,199.9821,200.5104,200.41,-0.0651,-0.0325,,715195,78522663.539,,
2017-07-03,'399307,深证转债,200.41,200.7674,198.7352,198.7729,198.772,1.638,0.8241,,562002,62368265.985,,
2017-06-30,'399307,深证转债,198.772,199.6614,198.0852,199.6614,199.6614,-0.8894,-0.4455,,792752,89343675.851,,
2017-06-29,'399307,深证转债,199.6614,202.7856,198.6517,199.7889,199.7063,-0.0449,-0.0225,,1053672,123916265.91,,
2017-06-28,'399307,深证转债,199.7063,202.2018,199.4356,202.0382,202.2982,-2.5919,-1.2812,,1140406,136699115.75,,
2017-06-27,'399307,深证转债,202.2982,204.6657,201.3955,203.8032,203.3784,-1.0802,-0.5311,,1931451,249102799.391,,
2017-06-26,'399307,深证转债,203.3784,204.0947,199.8853,199.8972,200.0418,3.3366,1.668,,3662564,501837434.643,,
2017-06-23,'399307,深证转债,200.0418,200.2606,198.005,199.589,199.7814,0.2604,0.1303,,2446431,323456562.134,,
2017-06-22,'399307,深证转债,199.7814,202.6447,199.2757,202.0015,201.4,-1.6186,-0.8037,,3827176,529012333.36,,
2017-06-21,'399307,深证转债,201.4,201.4,199.6655,201.0533,200.4082,0.9918,0.4949,,3672960,500797398.621,,
2017-06-20,'399307,深证转债,200.4082,200.8765,198.973,199.0423,198.4898,1.9184,0.9665,,4039363,533147760.08,,
2017-06-19,'399307,深证转债,198.4898,198.5179,195.5982,195.7967,196.0346,2.4552,1.2524,,1935004,250044324.861,,
2017-06-16,'399307,深证转债,196.0346,197.7456,195.6143,196.7756,197.2078,-1.1732,-0.5949,,709207,91788987.381,,
2017-06-15,'399307,深证转债,197.2078,197.6794,194.7986,194.8527,195.1195,2.0883,1.0703,,763681,84670143.586,,
2017-06-14,'399307,深证转债,195.1195,196.2949,194.737,196.074,196.1262,-1.0067,-0.5133,,540448,61843400.77,,
2017-06-13,'399307,深证转债,196.1262,196.5393,194.7391,196.0991,196.0627,0.0635,0.0324,,1056863,135137784.0,,
2017-06-12,'399307,深证转债,196.0627,197.6214,195.499,197.0712,196.8879,-0.8252,-0.4191,,975457,118722400.352,,
2017-06-09,'399307,深证转债,196.8879,202.0101,194.3619,195.0819,195.1479,1.74,0.8916,,812634,91280685.833,,
2017-06-08,'399307,深证转债,195.1479,196.9697,194.495,195.6706,195.4989,-0.351,-0.1795,,1281874,166127911.21,,
2017-06-07,'399307,深证转债,195.4989,195.9413,191.0182,191.0965,190.8597,4.6392,2.4307,,3219252,392738923.834,,
2017-06-06,'399307,深证转债,190.8597,191.0932,188.93,189.3347,188.6486,2.2111,1.1721,,1719802,213064355.223,,
2017-06-05,'399307,深证转债,188.6486,190.0988,186.4443,186.5951,186.5964,2.0522,1.0998,,1944536,236867418.688,,
2017-06-02,'399307,深证转债,186.5964,187.2298,185.5506,187.1924,186.7592,-0.1628,-0.0872,,1171284,144261318.46,,
2017-06-01,'399307,深证转债,186.7592,187.4143,186.147,186.8707,186.5023,0.2569,0.1377,,1340236,165057659.551,,
2017-05-31,'399307,深证转债,186.5023,188.0193,186.1485,187.583,188.1442,-1.6419,-0.8727,,1453116,168735091.356,,
2017-05-26,'399307,深证转债,188.1442,189.6527,186.7236,189.3941,189.3364,-1.1922,-0.6297,,852800,98790807.236,,
2017-05-25,'399307,深证转债,189.3364,189.7195,187.7173,189.52,188.638,0.6984,0.3702,,1101170,138292784.329,,
2017-05-24,'399307,深证转债,188.638,189.281,187.342,189.1579,189.2055,-0.5675,-0.2999,,1071732,128283712.404,,
2017-05-23,'399307,深证转债,189.2055,190.5647,189.0827,190.013,189.9683,-0.7628,-0.4015,,2352878,302970765.044,,
2017-05-22,'399307,深证转债,189.9683,191.4668,189.6724,191.1553,191.1399,-1.1716,-0.613,,802437,98973570.792,,
2017-05-19,'399307,深证转债,191.1399,191.4036,190.6434,190.9052,190.889,0.2509,0.1314,,1548230,185346054.338,,
2017-05-18,'399307,深证转债,190.889,192.9212,190.5262,192.5132,191.8303,-0.9413,-0.4907,,2084808,236921771.71,,
2017-05-17,'399307,深证转债,191.8303,193.7165,191.106,192.4277,192.3285,-0.4982,-0.259,,1453697,192789006.845,,
2017-05-16,'399307,深证转债,192.3285,192.378,189.3182,189.9072,189.8638,2.4647,1.2981,,5178360,702455184.516,,
2017-05-15,'399307,深证转债,189.8638,190.4104,187.2676,187.9112,187.8391,2.0247,1.0779,,2856185,369643453.394,,
2017-05-12,'399307,深证转债,187.8391,188.8857,187.3323,188.2752,187.7171,0.122,0.065,,717455,83550236.134,,
2017-05-11,'399307,深证转债,187.7171,188.9465,187.0193,188.9299,188.6917,-0.9746,-0.5165,,1020792,118963751.205,,
2017-05-10,'399307,深证转债,188.6917,189.7158,188.3858,189.0729,188.3577,0.334,0.1773,,2033771,259170243.563,,
2017-05-09,'399307,深证转债,188.3577,188.864,187.2592,188.2115,188.1185,0.2392,0.1272,,1209843,131785080.944,,
2017-05-08,'399307,深证转债,188.1185,190.0058,187.1899,190.0058,189.6518,-1.5333,-0.8085,,678719,75110937.118,,
2017-05-05,'399307,深证转债,189.6518,190.9246,189.5573,190.0829,190.1811,-0.5293,-0.2783,,941990,113397297.674,,
2017-05-04,'399307,深证转债,190.1811,191.9428,189.2853,190.0723,189.587,0.5941,0.3134,,837627,98736347.394,,
2017-05-03,'399307,深证转债,189.587,191.9567,189.4777,191.9567,191.8634,-2.2764,-1.1865,,823765,97636238.931,,
2017-05-02,'399307,深证转债,191.8634,192.2549,191.4115,191.8446,191.731,0.1324,0.0691,,1204421,149918599.795,,
2017-04-28,'399307,深证转债,191.731,192.9502,190.121,190.3875,189.9243,1.8067,0.9513,,2461203,286754130.541,,
2017-04-27,'399307,深证转债,189.9243,190.2864,188.8995,190.2864,190.1387,-0.2144,-0.1128,,1400344,165801278.232,,
2017-04-26,'399307,深证转债,190.1387,191.2661,188.5338,188.5338,188.5808,1.5579,0.8261,,3020936,396681378.843,,
2017-04-25,'399307,深证转债,188.5808,189.2225,187.2335,187.3206,187.0367,1.5441,0.8256,,1467791,180041580.497,,
2017-04-24,'399307,深证转债,187.0367,189.1178,187.0367,189.0749,189.0866,-2.0499,-1.0841,,821886,97707048.441,,
2017-04-21,'399307,深证转债,189.0866,189.2938,188.4255,189.1948,189.0274,0.0592,0.0313,,170185,18692876.713,,
2017-04-20,'399307,深证转债,189.0274,189.2528,188.026,188.026,187.958,1.0694,0.569,,515403,62641643.518,,
2017-04-19,'399307,深证转债,187.958,188.4771,187.4726,188.2794,188.2887,-0.3307,-0.1756,,631205,68920761.227,,
2017-04-18,'399307,深证转债,188.2887,188.8921,188.0013,188.2562,188.2532,0.0355,0.0189,,621372,69498010.9,,
2017-04-17,'399307,深证转债,188.2532,190.2978,188.1174,190.2978,190.2978,-2.0446,-1.0744,,480886,52727017.571,,
2017-04-14,'399307,深证转债,190.2978,192.0135,190.2477,191.366,191.3426,-1.0448,-0.546,,213768,23437792.368,,
2017-04-13,'399307,深证转债,191.3426,191.4602,190.9122,191.1322,191.0821,0.2605,0.1363,,521543,56905679.733,,
2017-04-12,'399307,深证转债,191.0821,191.6481,190.8261,191.3171,191.2217,-0.1396,-0.073,,710431,81202370.589,,
2017-04-11,'399307,深证转债,191.2217,191.2804,190.3001,191.2523,191.2525,-0.0308,-0.0161,,744402,90920556.167,,
2017-04-10,'399307,深证转债,191.2525,191.7625,190.9629,191.6938,191.5793,-0.3268,-0.1706,,829017,100098611.156,,
2017-04-07,'399307,深证转债,191.5793,191.7186,190.9586,191.4415,191.4176,0.1617,0.0845,,636097,77963698.974,,
2017-04-06,'399307,深证转债,191.4176,192.2747,190.5474,192.0316,191.9454,-0.5278,-0.275,,1390998,169173975.052,,
2017-04-05,'399307,深证转债,191.9454,192.5606,191.1645,191.7391,191.5117,0.4337,0.2265,,632579,75716281.335,,
2017-03-31,'399307,深证转债,191.5117,194.783,191.1301,191.7911,191.9043,-0.3926,-0.2046,,817640,98704677.665,,
2017-03-30,'399307,深证转债,191.9043,192.2893,191.7106,192.2893,192.2922,-0.3879,-0.2017,,272804,33393851.291,,
2017-03-29,'399307,深证转债,192.2922,193.0666,191.8971,192.787,192.82,-0.5278,-0.2737,,455545,52723415.932,,
2017-03-28,'399307,深证转债,192.82,193.0389,192.5303,192.9227,192.9251,-0.1051,-0.0545,,346424,40756785.361,,
2017-03-27,'399307,深证转债,192.9251,193.8849,192.7001,193.7557,193.7325,-0.8074,-0.4168,,482195,57469349.534,,
2017-03-24,'399307,深证转债,193.7325,194.1919,192.3496,192.4734,192.3126,1.4199,0.7383,,2014156,256729025.619,,
2017-03-23,'399307,深证转债,192.3126,192.7106,191.8303,192.2204,192.1306,0.182,0.0947,,720733,88524410.909,,
2017-03-22,'399307,深证转债,192.1306,192.8484,191.4317,192.5262,192.1675,-0.0369,-0.0192,,2214882,273617489.481,,
2017-03-21,'399307,深证转债,192.1675,192.2058,191.4609,192.0933,191.9207,0.2468,0.1286,,1482258,182166165.222,,
2017-03-20,'399307,深证转债,191.9207,193.0153,191.6056,192.8036,192.5174,-0.5967,-0.3099,,554269,64853266.141,,
2017-03-17,'399307,深证转债,192.5174,193.35,192.2982,192.9856,192.9856,-0.4682,-0.2426,,506941,61040911.91,,
2017-03-16,'399307,深证转债,192.9856,193.5796,192.6658,193.2478,193.248,-0.2624,-0.1358,,431746,51801815.67,,
2017-03-15,'399307,深证转债,193.248,193.7782,193.2261,193.6977,193.6478,-0.3998,-0.2065,,585033,71134007.991,,
2017-03-14,'399307,深证转债,193.6478,193.9448,193.4296,193.9289,193.9313,-0.2835,-0.1462,,497863,61293119.35,,
2017-03-13,'399307,深证转债,193.9313,194.4694,193.1714,193.8768,193.8768,0.0545,0.0281,,834387,103294306.505,,
2017-03-10,'399307,深证转债,193.8768,194.1418,193.5492,194.068,193.9664,-0.0896,-0.0462,,337254,39691873.115,,
2017-03-09,'399307,深证转债,193.9664,194.675,193.8167,194.375,194.3902,-0.4238,-0.218,,398779,47623841.548,,
2017-03-08,'399307,深证转债,194.3902,195.5558,193.8428,195.0619,195.0619,-0.6717,-0.3444,,714892,81205044.781,,
2017-03-07,'399307,深证转债,195.0619,195.5094,194.5753,195.1984,195.1984,-0.1365,-0.0699,,611591,74054888.609,,
2017-03-06,'399307,深证转债,195.1984,195.4696,194.2337,194.8538,194.8538,0.3446,0.1769,,610982,76207011.416,,
2017-03-03,'399307,深证转债,194.8538,195.0417,193.3201,193.5895,193.5895,1.2643,0.6531,,798093,98543626.379,,
2017-03-02,'399307,深证转债,193.5895,193.8523,193.2093,193.4228,193.4228,0.1667,0.0862,,297434,35568247.663,,
2017-03-01,'399307,深证转债,193.4228,193.7787,193.2651,193.4872,193.4872,-0.0644,-0.0333,,466850,53695857.68,,
2017-02-28,'399307,深证转债,193.4872,193.967,193.4094,193.5048,193.5162,-0.029,-0.015,,280893,31089267.181,,
2017-02-27,'399307,深证转债,193.5162,194.4817,193.2274,194.4729,194.4613,-0.9451,-0.486,,161891,18453608.376,,
2017-02-24,'399307,深证转债,194.4613,194.4613,193.2597,193.776,193.9282,0.5331,0.2749,,540411,63127168.122,,
2017-02-23,'399307,深证转债,193.9282,194.4568,193.5081,194.4544,194.4544,-0.5262,-0.2706,,368072,42632244.713,,
2017-02-22,'399307,深证转债,194.4544,194.4544,193.1451,193.3965,193.3965,1.0579,0.547,,524464,59840858.824,,
2017-02-21,'399307,深证转债,193.3965,193.5527,193.0725,193.1552,193.1552,0.2413,0.1249,,553998,63301191.356,,
2017-02-20,'399307,深证转债,193.1552,193.1552,192.4604,192.7398,192.7398,0.4154,0.2155,,470148,56063814.463,,
2017-02-17,'399307,深证转债,192.7398,193.0623,192.3061,192.9578,192.9578,-0.218,-0.113,,210076,23008166.879,,
2017-02-16,'399307,深证转债,192.9578,193.4574,192.8276,193.2757,193.2757,-0.3179,-0.1645,,522642,61802374.203,,
2017-02-15,'399307,深证转债,193.2757,193.7033,193.1145,193.2008,193.1552,0.1205,0.0624,,613524,73116497.946,,
2017-02-14,'399307,深证转债,193.1552,193.3777,192.8412,192.9081,192.8991,0.2561,0.1328,,189603,22285465.741,,
2017-02-13,'399307,深证转债,192.8991,193.5098,192.7986,192.9478,192.8561,0.043,0.0223,,267363,30230986.355,,
2017-02-10,'399307,深证转债,192.8561,193.0315,192.1489,192.3353,192.3131,0.543,0.2824,,751139,87289364.927,,
2017-02-09,'399307,深证转债,192.3131,192.5737,192.1315,192.1534,192.1481,0.165,0.0859,,400117,46960859.714,,
2017-02-08,'399307,深证转债,192.1481,192.3876,191.5776,192.3876,191.7546,0.3935,0.2052,,407208,46981479.284,,
2017-02-07,'399307,深证转债,191.7546,192.4609,191.6037,192.4609,192.2269,-0.4723,-0.2457,,310910,35809459.691,,
2017-02-06,'399307,深证转债,192.2269,192.2269,190.938,191.6682,191.6508,0.5761,0.3006,,458228,52858955.397,,
2017-02-03,'399307,深证转债,191.6508,192.3295,191.3468,192.0593,192.1215,-0.4707,-0.245,,363029,39109947.529,,
